{"cameraMode":{"drawMode":0,"name":"Shaded","section":"Shading Mode"},"sceneLighting":false,"audioPlay":false,"sceneViewState":{"showFog":true,"showMaterialUpdate":false,"showSkybox":false,"showFlares":true,"showImageEffects":true,"showParticleSystems":true,"showVisualEffectGraphs":true,"m_FxEnabled":true},"in2DMode":false,"pivot":{"x":-1.6486895084381104,"y":2.4373908042907717,"z":-0.36388471722602847},"rotation":{"x":0.06660253554582596,"y":-0.7188454270362854,"z":0.06935476511716843,"w":0.6884165406227112},"size":3.3220837116241457,"orthographic":false}